epoch,accuracy,loss,val_accuracy,val_loss
0,0.49211356043815613,0.6932432651519775,0.49367088079452515,0.6930844187736511
